<?xml version="1.0" encoding="UTF-8"?>
<LanguageProfile>
  <Language>
    <Name>SLIP-IN COVER ART</Name>
    <Item>Remove the existing slip-in artwork for the cover and spine of Volume ___ and recycle.</Item>
    <Item>Insert the new cover and spine art into the cover and spine sleeves for Volume ___.</Item>
  </Language>
  <Language>
    <Name>BINDER STICKER</Name>
    <Item>Your release ___ sticker envelope contains ___ stickers. These stickers are to be affixed to the spine and front cover of each binder.</Item>
    <Item>Front Cover sticker: Please remove the backing from one of the stickers, center it over the Volume ___ front cover, and affix to the binder.</Item>
    <Item>Spine sticker: Remove the backing from the spine sticker for Volume ___, center it over the spine, and affix to the binder.</Item>
  </Language>
  <Language>
    <Name>BINDER SHIFT</Name>
    <Item>Remove pages ___ through ___ from Volume ___ and insert this content into Volume ___ preceding page ___.</Item>
    <Item>Once completed, please continue with the regular filing of your release.</Item>
  </Language>
  <Language>
    <Name>Others</Name>
    <Item>___ new Binder(s) for Volume(s) ___</Item>
    <Item>Package 1 contains White Revision pages for Volumes ___</Item>
    <Item>___ Sticker Envelope(s) containing stickers for Volume(s) ___</Item>
  </Language>
</LanguageProfile>